{"cameraMode":{"drawMode":0,"name":"Shaded","section":"Shading Mode"},"sceneLighting":false,"audioPlay":false,"sceneViewState":{"showFog":false,"showMaterialUpdate":false,"showSkybox":false,"showFlares":false,"showImageEffects":false,"showParticleSystems":false},"in2DMode":false,"pivot":{"x":2.0804998874664308,"y":-4.507833003997803,"z":-28.938323974609376},"rotation":{"x":0.27076661586761477,"y":-0.006646015681326389,"z":-0.0018659408669918776,"w":-0.9626381397247315},"size":2.0005526542663576,"orthographic":false}