{"cameraMode":{"drawMode":0,"name":"Shaded","section":"Shading Mode"},"sceneLighting":false,"audioPlay":false,"sceneViewState":{"showFog":false,"showMaterialUpdate":false,"showSkybox":false,"showFlares":false,"showImageEffects":false,"showParticleSystems":false},"in2DMode":false,"pivot":{"x":10.536436080932618,"y":-2.8939249515533449,"z":-28.97671890258789},"rotation":{"x":0.4033714830875397,"y":-0.0008277618326246738,"z":-0.0003606615646276623,"w":-0.9150547981262207},"size":5.21512508392334,"orthographic":false}