{"cameraMode":{"drawMode":0,"name":"Shaded","section":"Shading Mode"},"sceneLighting":true,"audioPlay":false,"sceneViewState":{"showFog":false,"showMaterialUpdate":false,"showSkybox":false,"showFlares":false,"showImageEffects":false,"showParticleSystems":false},"in2DMode":false,"pivot":{"x":4.303515434265137,"y":-4.718341827392578,"z":10.514938354492188},"rotation":{"x":0.1993369460105896,"y":-0.011174791492521763,"z":-0.002269153017550707,"w":-0.979882538318634},"size":29.820209503173829,"orthographic":false}