{"cameraMode":{"drawMode":0,"name":"Shaded","section":"Shading Mode"},"sceneLighting":true,"audioPlay":false,"sceneViewState":{"showFog":false,"showMaterialUpdate":false,"showSkybox":false,"showFlares":false,"showImageEffects":false,"showParticleSystems":false},"in2DMode":false,"pivot":{"x":-151.26223754882813,"y":-3.3815784454345705,"z":-0.00623321533203125},"rotation":{"x":-0.013808974996209145,"y":0.0050969175063073639,"z":-0.000063723222410772,"w":-0.9999105930328369},"size":5.163139343261719,"orthographic":false}