{"cameraMode":{"drawMode":0,"name":"Shaded","section":"Shading Mode"},"sceneLighting":true,"audioPlay":false,"sceneViewState":{"showFog":false,"showMaterialUpdate":false,"showSkybox":false,"showFlares":false,"showImageEffects":false,"showParticleSystems":false},"in2DMode":false,"pivot":{"x":-18.88326072692871,"y":4.339324951171875,"z":48.88352584838867},"rotation":{"x":0.10300321877002716,"y":-0.009850243106484414,"z":-0.0010188163723796607,"w":-0.9946414828300476},"size":27.872631072998048,"orthographic":false}