{"cameraMode":{"drawMode":0,"name":"Shaded","section":"Shading Mode"},"sceneLighting":false,"audioPlay":false,"sceneViewState":{"showFog":false,"showMaterialUpdate":false,"showSkybox":false,"showFlares":false,"showImageEffects":false,"showParticleSystems":false},"in2DMode":false,"pivot":{"x":0.47337520122528078,"y":0.5179677605628967,"z":-0.34223082661628725},"rotation":{"x":0.24029141664505006,"y":0.013683794066309929,"z":0.0033877682872116567,"w":-0.970599889755249},"size":4.88802433013916,"orthographic":false}