{"cameraMode":{"drawMode":0,"name":"Shaded","section":"Shading Mode"},"sceneLighting":true,"audioPlay":false,"sceneViewState":{"showFog":false,"showMaterialUpdate":false,"showSkybox":false,"showFlares":false,"showImageEffects":false,"showParticleSystems":false},"in2DMode":false,"pivot":{"x":-62.630130767822269,"y":6.735196113586426,"z":-1.4867973327636719},"rotation":{"x":0.27076661586761477,"y":-0.006646015681326389,"z":-0.0018659408669918776,"w":-0.9626381397247315},"size":15.583112716674805,"orthographic":false}