{"cameraMode":{"drawMode":0,"name":"Shaded","section":"Shading Mode"},"sceneLighting":false,"audioPlay":false,"sceneViewState":{"showFog":false,"showMaterialUpdate":false,"showSkybox":false,"showFlares":false,"showImageEffects":false,"showParticleSystems":false},"in2DMode":false,"pivot":{"x":2.9641664028167726,"y":-4.631163597106934,"z":-27.227985382080079},"rotation":{"x":0.24904067814350129,"y":-0.006686370819807053,"z":-0.0017154839588329197,"w":-0.968486487865448},"size":3.8801116943359377,"orthographic":false}