{"cameraMode":{"drawMode":0,"name":"Shaded","section":"Shading Mode"},"sceneLighting":false,"audioPlay":false,"sceneViewState":{"showFog":false,"showMaterialUpdate":false,"showSkybox":false,"showFlares":false,"showImageEffects":false,"showParticleSystems":false},"in2DMode":false,"pivot":{"x":-16.979366302490236,"y":3.4085593223571779,"z":-1.3553297519683838},"rotation":{"x":0.1993369460105896,"y":-0.011174791492521763,"z":-0.002269153017550707,"w":-0.979882538318634},"size":1.8604609966278077,"orthographic":false}