{"cameraMode":{"drawMode":0,"name":"Shaded","section":"Shading Mode"},"sceneLighting":false,"audioPlay":false,"sceneViewState":{"showFog":false,"showMaterialUpdate":false,"showSkybox":false,"showFlares":false,"showImageEffects":false,"showParticleSystems":false},"in2DMode":false,"pivot":{"x":3.5761423110961916,"y":0.3277158737182617,"z":-1.1141576766967774},"rotation":{"x":0.20014677941799165,"y":-0.08014704287052155,"z":-0.01642529107630253,"w":-0.9763625860214233},"size":3.580928325653076,"orthographic":false}