{"cameraMode":{"drawMode":0,"name":"Shaded","section":"Shading Mode"},"sceneLighting":false,"audioPlay":false,"sceneViewState":{"showFog":false,"showMaterialUpdate":false,"showSkybox":false,"showFlares":false,"showImageEffects":false,"showParticleSystems":false},"in2DMode":false,"pivot":{"x":1.9299999475479127,"y":0.7209876775741577,"z":-1.2487872838974},"rotation":{"x":0.1993369460105896,"y":-0.011174791492521763,"z":-0.002269153017550707,"w":-0.979882538318634},"size":1.780928611755371,"orthographic":false}