{"cameraMode":{"drawMode":0,"name":"Shaded","section":"Shading Mode"},"sceneLighting":true,"audioPlay":false,"sceneViewState":{"showFog":false,"showMaterialUpdate":false,"showSkybox":false,"showFlares":false,"showImageEffects":false,"showParticleSystems":false},"in2DMode":false,"pivot":{"x":3.4729905128479006,"y":0.13964027166366578,"z":8.815864562988282},"rotation":{"x":-0.018308859318494798,"y":-0.0024024166632443668,"z":0.000044766107748728245,"w":-0.999842643737793},"size":16.281185150146486,"orthographic":false}