{"cameraMode":{"drawMode":0,"name":"Shaded","section":"Shading Mode"},"sceneLighting":false,"audioPlay":false,"sceneViewState":{"showFog":false,"showMaterialUpdate":false,"showSkybox":false,"showFlares":false,"showImageEffects":false,"showParticleSystems":false},"in2DMode":false,"pivot":{"x":12.969718933105469,"y":-2.93359112739563,"z":-28.823575973510743},"rotation":{"x":0.4033714830875397,"y":-0.0008277618326246738,"z":-0.0003606615646276623,"w":-0.9150547981262207},"size":5.876662254333496,"orthographic":false}