{"cameraMode":{"drawMode":0,"name":"Shaded","section":"Shading Mode"},"sceneLighting":false,"audioPlay":false,"sceneViewState":{"showFog":false,"showMaterialUpdate":false,"showSkybox":false,"showFlares":false,"showImageEffects":false,"showParticleSystems":false},"in2DMode":false,"pivot":{"x":2.701995849609375,"y":-5.432832717895508,"z":-28.825740814208986},"rotation":{"x":0.24904067814350129,"y":-0.006686370819807053,"z":-0.0017154839588329197,"w":-0.968486487865448},"size":2.439771890640259,"orthographic":false}