{"cameraMode":{"drawMode":0,"name":"Shaded","section":"Shading Mode"},"sceneLighting":true,"audioPlay":false,"sceneViewState":{"showFog":false,"showMaterialUpdate":false,"showSkybox":false,"showFlares":false,"showImageEffects":false,"showParticleSystems":false},"in2DMode":false,"pivot":{"x":-0.1786578893661499,"y":0.5033067464828491,"z":14.665550231933594},"rotation":{"x":-0.018307151272892953,"y":0.012594951316714287,"z":-0.00023007176059763879,"w":-0.9997586607933044},"size":23.53957176208496,"orthographic":false}