{"cameraMode":{"drawMode":0,"name":"Shaded","section":"Shading Mode"},"sceneLighting":false,"audioPlay":false,"sceneViewState":{"showFog":false,"showMaterialUpdate":false,"showSkybox":false,"showFlares":false,"showImageEffects":false,"showParticleSystems":false},"in2DMode":false,"pivot":{"x":1.1492030620574952,"y":-0.7601408958435059,"z":3.624119758605957},"rotation":{"x":0.28175050020217898,"y":-0.05982579290866852,"z":-0.017604736611247064,"w":-0.9574601054191589},"size":7.26849889755249,"orthographic":false}