{"cameraMode":{"drawMode":0,"name":"Shaded","section":"Shading Mode"},"sceneLighting":false,"audioPlay":false,"sceneViewState":{"showFog":false,"showMaterialUpdate":false,"showSkybox":false,"showFlares":false,"showImageEffects":false,"showParticleSystems":false},"in2DMode":false,"pivot":{"x":-7.637997150421143,"y":4.454692840576172,"z":-0.9099283218383789},"rotation":{"x":0.019527817144989969,"y":0.330212265253067,"z":0.0068356613628566269,"w":-0.9436987042427063},"size":4.236720085144043,"orthographic":false}