{"cameraMode":{"drawMode":0,"name":"Shaded","section":"Shading Mode"},"sceneLighting":false,"audioPlay":false,"sceneViewState":{"showFog":false,"showMaterialUpdate":false,"showSkybox":false,"showFlares":false,"showImageEffects":false,"showParticleSystems":false},"in2DMode":false,"pivot":{"x":2.0205001831054689,"y":-4.273507595062256,"z":-28.804641723632814},"rotation":{"x":0.019190026447176935,"y":-0.005402061622589827,"z":-0.00010043218935607001,"w":-0.9998188018798828},"size":3.1517562866210939,"orthographic":false}