{"cameraMode":{"drawMode":0,"name":"Shaded","section":"Shading Mode"},"sceneLighting":false,"audioPlay":false,"sceneViewState":{"showFog":false,"showMaterialUpdate":false,"showSkybox":false,"showFlares":false,"showImageEffects":false,"showParticleSystems":false},"in2DMode":false,"pivot":{"x":0.2243056297302246,"y":0.44333362579345705,"z":-1.3376930952072144},"rotation":{"x":0.24029141664505006,"y":0.013683794066309929,"z":0.0033877682872116567,"w":-0.970599889755249},"size":5.450960636138916,"orthographic":false}