{"cameraMode":{"drawMode":0,"name":"Shaded","section":"Shading Mode"},"sceneLighting":false,"audioPlay":false,"sceneViewState":{"showFog":false,"showMaterialUpdate":false,"showSkybox":false,"showFlares":false,"showImageEffects":false,"showParticleSystems":false},"in2DMode":false,"pivot":{"x":-3.077800750732422,"y":7.273274898529053,"z":-2.2165536880493166},"rotation":{"x":0.1993369460105896,"y":-0.011174791492521763,"z":-0.002269153017550707,"w":-0.979882538318634},"size":4.404296398162842,"orthographic":false}