{"cameraMode":{"drawMode":0,"name":"Shaded","section":"Shading Mode"},"sceneLighting":true,"audioPlay":false,"sceneViewState":{"showFog":false,"showMaterialUpdate":false,"showSkybox":false,"showFlares":false,"showImageEffects":false,"showParticleSystems":false},"in2DMode":false,"pivot":{"x":3.4350671768188478,"y":1.7065722942352296,"z":1.7114028930664063},"rotation":{"x":-0.013808974996209145,"y":0.0050969175063073639,"z":-0.000063723222410772,"w":-0.9999105930328369},"size":30.946399688720704,"orthographic":false}