{"cameraMode":{"drawMode":0,"name":"Shaded","section":"Shading Mode"},"sceneLighting":true,"audioPlay":false,"sceneViewState":{"showFog":false,"showMaterialUpdate":false,"showSkybox":false,"showFlares":false,"showImageEffects":false,"showParticleSystems":false},"in2DMode":false,"pivot":{"x":-153.02735900878907,"y":-3.3864433765411379,"z":0.3009977340698242},"rotation":{"x":-0.046766702085733417,"y":0.03355468809604645,"z":-0.001570165972225368,"w":-0.9983528256416321},"size":7.216339111328125,"orthographic":false}