{"cameraMode":{"drawMode":0,"name":"Shaded","section":"Shading Mode"},"sceneLighting":false,"audioPlay":false,"sceneViewState":{"showFog":false,"showMaterialUpdate":false,"showSkybox":false,"showFlares":false,"showImageEffects":false,"showParticleSystems":false},"in2DMode":false,"pivot":{"x":17.31999969482422,"y":-2.0640828609466554,"z":-30.53154182434082},"rotation":{"x":0.4033714830875397,"y":-0.0008277618326246738,"z":-0.0003606615646276623,"w":-0.9150547981262207},"size":6.983177185058594,"orthographic":false}