{"cameraMode":{"drawMode":0,"name":"Shaded","section":"Shading Mode"},"sceneLighting":false,"audioPlay":false,"sceneViewState":{"showFog":false,"showMaterialUpdate":false,"showSkybox":false,"showFlares":false,"showImageEffects":false,"showParticleSystems":false},"in2DMode":false,"pivot":{"x":-0.46455347537994387,"y":3.719299793243408,"z":-26.372024536132814},"rotation":{"x":0.24029141664505006,"y":0.013683794066309929,"z":0.0033877682872116567,"w":-0.970599889755249},"size":10.515522956848145,"orthographic":false}