{"cameraMode":{"drawMode":0,"name":"Shaded","section":"Shading Mode"},"sceneLighting":false,"audioPlay":false,"sceneViewState":{"showFog":false,"showMaterialUpdate":false,"showSkybox":false,"showFlares":false,"showImageEffects":false,"showParticleSystems":false},"in2DMode":false,"pivot":{"x":6.461424827575684,"y":-5.099951267242432,"z":-28.879629135131837},"rotation":{"x":0.064125657081604,"y":-0.026346279308199884,"z":-0.0016869779210537673,"w":-0.9976093173027039},"size":6.319389820098877,"orthographic":false}