{"cameraMode":{"drawMode":0,"name":"Shaded","section":"Shading Mode"},"sceneLighting":true,"audioPlay":false,"sceneViewState":{"showFog":false,"showMaterialUpdate":false,"showSkybox":false,"showFlares":false,"showImageEffects":false,"showParticleSystems":false},"in2DMode":false,"pivot":{"x":0.18392415344715119,"y":9.552908897399903,"z":11.715313911437989},"rotation":{"x":0.42384833097457888,"y":-0.004893564619123936,"z":-0.0022899718023836614,"w":-0.9057320952415466},"size":17.92918586730957,"orthographic":false}