{"cameraMode":{"drawMode":0,"name":"Shaded","section":"Shading Mode"},"sceneLighting":true,"audioPlay":false,"sceneViewState":{"showFog":false,"showMaterialUpdate":false,"showSkybox":false,"showFlares":false,"showImageEffects":false,"showParticleSystems":false},"in2DMode":false,"pivot":{"x":-132.585205078125,"y":13.775360107421875,"z":1.4782524108886719},"rotation":{"x":0.1772453784942627,"y":0.00649286387488246,"z":0.0011694401036947966,"w":-0.9841463565826416},"size":26.912277221679689,"orthographic":false}